"","baseMean","log2FoldChange","lfcSE","stat","pvalue","padj","weight"
"hsa-let-7a(3)",3407.84939244558,0.317471261742362,0.469305113224786,0.676470920082007,0.498741702975955,0.869228402088236,1
"hsa-let-7a-1STAR(2)",45.0869523821653,0.982187872004848,0.607490889953075,1.61679440506625,0.105922667537884,0.760324285233523,1
"hsa-let-7b(1)",1622.30864963176,1.03010478235509,0.545052721865907,1.88991769241823,0.058768968932582,0.760324285233523,1
"hsa-let-7bSTAR(1)",17.4003685074692,1.1822688608991,0.745925152223643,1.58496982890936,0.112973189446311,0.760324285233523,1
"hsa-let-7c(1)",94.6696655350813,0.70196464264033,0.629006228647143,1.11598997064004,0.264426427680267,0.77193106985349,1
"hsa-let-7d(1)",1010.74932086194,0.311374886169606,0.448369640102305,0.694460236198327,0.487393629381383,0.869228402088236,1
"hsa-let-7dSTAR(1)",383.399864603388,0.302573486622371,0.484199425640542,0.624894352615351,0.532040399082669,0.869228402088236,1
"hsa-let-7e(1)",120.365066762141,0.135119632425595,0.464897004882606,0.290644230886613,0.771323428270802,0.901505107380754,1
"hsa-let-7f(2)",3362.34221627627,0.366538211798341,0.554845369821999,0.660613265847258,0.50886035937732,0.869228402088236,1
"hsa-let-7g(1)",1491.84666974575,0.531038218337189,0.559475664974049,0.949171253698443,0.342533519387399,0.821474192513143,1
"hsa-let-7i(1)",3050.80703009241,0.581395936549687,0.521572143915509,1.11469897948359,0.264979438493968,0.77193106985349,1
"hsa-let-7iSTAR(1)",103.1644116808,1.42947247088108,0.782444585643399,1.82693125763742,0.0677101058045713,0.760324285233523,1
"hsa-miR-1(2)",175.045223776627,1.36874628407633,0.756244025503938,1.80992674046481,0.0703071487011728,0.760324285233523,1
"hsa-miR-100(1)",160.602947709367,2.36556312337434,0.869716923623042,2.71992306820931,0.00652971060177647,0.632488033662312,1
"hsa-miR-101(2)",1987.20877290372,1.48143486213279,0.626310405711807,2.36533649867932,0.0180136953301789,0.743161287861409,1
"hsa-miR-101-1STAR(1)",16.8065751003439,0.612697126319592,0.746018842566355,0.821289076575964,0.41148162824526,0.869058537647469,1
"hsa-miR-103(2)",4145.2335998878,0.315992936410315,0.555479820670489,0.568864834781752,0.56944787131847,0.894320174153876,1
"hsa-miR-106a(1)",45.2637644636557,0.575743727449165,0.726126924030843,0.792896817891179,0.427837941456515,0.869058537647469,1
"hsa-miR-106b(1)",1384.73376144211,0.76831791928267,0.584196007777487,1.31517146480623,0.188452282953803,0.77193106985349,1
"hsa-miR-106bSTAR(1)",97.7662992568512,0.449823268516134,0.507263635951368,0.886764271348753,0.375205827220237,0.852441775550896,1
"hsa-miR-107(1)",738.838273580515,1.24156850717494,0.660881638917231,1.87865486656444,0.060291634240897,0.760324285233523,1
"hsa-miR-10a(1)",182.186014847252,0.618884468096921,0.536825960531349,1.15285867971875,0.248968394445071,0.77193106985349,1
"hsa-miR-10b(1)",103.720956166726,1.4753645963539,0.77400701143948,1.90613854209156,0.0566322333340028,0.760324285233523,1
"hsa-miR-1185-1-3p(1)",34.5530386892959,-0.807358572785804,0.674375294135307,-1.19719476648534,0.231230649267453,0.77193106985349,1
"hsa-miR-1197(1)",13.3133022718055,-0.737856457975491,0.660295320429342,-1.11746431505181,0.263795849202146,0.77193106985349,1
"hsa-miR-122(1)",100.138375226496,0.55702641967557,0.730513009472204,0.762514031171083,0.445753272077484,0.869058537647469,1
"hsa-miR-125a(1)",192.12024039731,0.63437655501665,0.482919750961589,1.31362727192972,0.188971666444129,0.77193106985349,1
"hsa-miR-125aSTAR(1)",10.1978927927628,-0.306405190248115,0.737333572687432,-0.415558441386752,0.677733142428906,0.901505107380754,1
"hsa-miR-125b(2)",94.6636999673136,1.27125752354708,0.619385331314296,2.05245016192029,0.0401259338250197,0.760324285233523,1
"hsa-miR-126-3p(1)",5061.03908441775,0.255215295028922,0.613157331570563,0.416231335561469,0.677240732072893,0.901505107380754,1
"hsa-miR-126-5p(1)",2116.44612567092,0.913787377326675,0.538934530299386,1.6955443118834,0.0899722116614913,0.760324285233523,1
"hsa-miR-127(1)",72.3194038579859,-0.433346843027768,0.639990975691397,-0.677113989864644,0.498333633326427,0.869228402088236,1
"hsa-miR-1277-3p(1)",28.1998303446758,-0.144256419309232,0.901354518288576,-0.160044040809975,0.872846381776043,0.949965339202038,1
"hsa-miR-1277-5p(1)",21.487662570865,0.20495955473652,0.59679262005389,0.343435136175129,0.731271130259041,0.901505107380754,1
"hsa-miR-127STAR(1)",22.6223822809673,-0.494213162411033,0.629195048640264,-0.785468931262355,0.43217867935419,0.869058537647469,1
"hsa-miR-128(2)",262.840998165328,0.77300466845426,0.511938466336971,1.50995621404516,0.131054597229812,0.77193106985349,1
"hsa-miR-1301(1)",56.5405716025631,0.174060220361055,0.499569354480426,0.348420532204353,0.727524384944914,0.901505107380754,1
"hsa-miR-1307-3p(1)",93.0095096067274,-0.163654832678387,0.514510325988706,-0.318078810884699,0.750425156067825,0.901505107380754,1
"hsa-miR-1307-5p(1)",77.0417305440597,-0.220172223330517,0.536105932924011,-0.410687906641251,0.681301395657168,0.901505107380754,1
"hsa-miR-130a(1)",2782.15806228778,0.225057326688948,0.588070753183872,0.382704505317542,0.701938873567746,0.901505107380754,1
"hsa-miR-130b(1)",317.668307762828,0.29344781738602,0.522281353518765,0.561857733210223,0.574212953146769,0.894320174153876,1
"hsa-miR-130bSTAR(1)",25.3326135764069,-0.160449896222753,0.534840585289587,-0.299995738236427,0.764180406393571,0.901505107380754,1
"hsa-miR-132(1)",25.4643422983306,0.0820209565365478,0.590365537350331,0.138932494103014,0.889503493383438,0.95278832690479,1
"hsa-miR-133a(2)",76.4748012339704,1.94718234792929,0.805904188873456,2.41614620548279,0.0156857615519761,0.743161287861409,1
"hsa-miR-134(1)",89.6403788593329,-0.776858508496241,0.593673788405559,-1.30856123963745,0.190683017702928,0.77193106985349,1
"hsa-miR-136-3p(1)",62.1798672905777,0.553943153573609,0.842781214621504,0.6572799013115,0.511000957422625,0.869228402088236,1
"hsa-miR-136-5p(1)",18.1420810981947,-0.819988084495204,0.751483272187385,-1.09115946401364,0.275202721110809,0.774839881199967,1
"hsa-miR-139(1)",84.5589952084308,0.248828132804635,0.576908927718849,0.431312674928648,0.666241035455319,0.901505107380754,1
"hsa-miR-139STAR(1)",14.9741367248154,0.0661297075604544,0.670455925362204,0.0986339370850199,0.921428923496623,0.960226629010807,1
"hsa-miR-140(1)",779.203632199196,0.979806702537225,0.53346249174256,1.83669277166362,0.0662552629588417,0.760324285233523,1
"hsa-miR-140STAR(1)",127.112924435848,-0.0836328394389576,0.483895847764657,-0.172832314691885,0.862783235805279,0.948247878922944,1
"hsa-miR-141(1)",71.6756835869917,1.27828197946998,0.670452024471647,1.90659724008938,0.0565727627716923,0.760324285233523,1
"hsa-miR-142-3p(1)",662.015665585464,0.196257460486938,0.614506895165919,0.319373894794049,0.749443004043325,0.901505107380754,1
"hsa-miR-142-5p(1)",3430.38556078309,0.519728289626126,0.592774789500298,0.876771918833205,0.380610534471064,0.852441775550896,1
"hsa-miR-143(1)",431.316171347787,-0.835921902450292,0.575329326571687,-1.45294505919148,0.146239008900153,0.77193106985349,1
"hsa-miR-143STAR(1)",13.5080287842155,-0.516150947773371,0.765469014192707,-0.674293718234596,0.500124596965937,0.869228402088236,1
"hsa-miR-144(1)",1431.91032723474,2.69521168552928,1.29202836660258,2.08603135596505,0.0369757828392393,0.760324285233523,1
"hsa-miR-144STAR(1)",128.187681609677,1.00065280528738,0.799472059469001,1.25164199728506,0.21070034414007,0.77193106985349,1
"hsa-miR-145(1)",44.058941237794,-0.899490766905248,0.652856285032681,-1.37777760209541,0.168271963333765,0.77193106985349,1
"hsa-miR-145STAR(1)",65.930397788306,0.66808736951361,0.903119260607912,0.739755421741204,0.45944841260417,0.869228402088236,1
"hsa-miR-146a(1)",4263.19906269584,0.420012162623607,0.538057652604788,0.780608101362908,0.435033025488246,0.869058537647469,1
"hsa-miR-146aSTAR(1)",19.0326895875812,1.28629688177226,0.833554043904829,1.54314755135315,0.122794979545553,0.760324285233523,1
"hsa-miR-146b(1)",220.68712465398,0.410573641185533,0.491304593583787,0.835680444570308,0.403334699430219,0.869058537647469,1
"hsa-miR-148a(1)",1785.66700604757,0.448064454669657,0.565198043603094,0.79275655629181,0.427919672247957,0.869058537647469,1
"hsa-miR-148aSTAR(1)",11.4408716378836,-0.175524642288993,0.682815117075541,-0.257060275760671,0.79713224264511,0.914159589470178,1
"hsa-miR-148b(1)",1909.09637472883,0.688286747771723,0.56663111777171,1.21469987472348,0.224480580346533,0.77193106985349,1
"hsa-miR-148bSTAR(1)",14.3692931842097,1.04346722000469,0.682430359193824,1.52904572011915,0.126253110094128,0.760324285233523,1
"hsa-miR-150(1)",51.8920979442379,-0.0108066303087627,0.679894011463253,-0.0158945808119487,0.987318493343072,0.994146613079219,1
"hsa-miR-151-3p(1)",1537.5722887276,0.286740704866337,0.591469447167913,0.484793772931661,0.627822640346297,0.901505107380754,1
"hsa-miR-151-5p(1)",1540.79039808576,0.352230614876381,0.549631603129147,0.640848548138556,0.521621087262332,0.869228402088236,1
"hsa-miR-152(1)",317.656575968756,0.115506644963564,0.521542258037748,0.221471305888322,0.824725476461089,0.923556215375848,1
"hsa-miR-153(2)",26.3726940887311,0.0800282280415185,1.33600438492844,0.0599011716909933,NA,NA,NA
"hsa-miR-155(1)",52.6776145618613,0.190114976753817,0.492268132518407,0.386202080116791,0.699347013321583,0.901505107380754,1
"hsa-miR-15a(1)",5299.01248189097,1.78317437477392,1.26849168469857,1.40574384230012,NA,NA,NA
"hsa-miR-15b(1)",831.831721563557,-0.244528817407796,0.685828387345712,-0.356545196902931,0.721432310754748,0.901505107380754,1
"hsa-miR-15bSTAR(1)",79.0752696062909,0.661575786161426,0.592911750345448,1.11580818861487,0.264504247922101,0.77193106985349,1
"hsa-miR-16(2)",7313.69240058146,1.42757680510775,1.17693470305869,1.21296177383306,0.225144435793766,0.77193106985349,1
"hsa-miR-16-2STAR(1)",133.236583931596,0.908321667485742,0.544386533714199,1.6685233951114,0.0952118716710638,0.760324285233523,1
"hsa-miR-17(1)",1629.32220321198,0.492095835388212,0.601035981211344,0.818746049772974,0.412931317437715,0.869058537647469,1
"hsa-miR-17STAR(1)",63.4195246913134,0.301210198093152,0.555292445974301,0.542435252409487,0.587518700128957,0.901505107380754,1
"hsa-miR-181a(2)",958.02075264412,0.685346632203412,0.639772772024147,1.07123444787291,0.284064026141956,0.775578570107308,1
"hsa-miR-181a-1STAR(1)",21.7692241109819,0.765710548061636,0.684491649533816,1.11865579161285,0.263287011990599,0.77193106985349,1
"hsa-miR-181a-2STAR(1)",16.5648535252178,0.314018452029679,0.603636412632226,0.520211248788597,0.602916345939379,0.901505107380754,1
"hsa-miR-181b(2)",89.6160291445698,0.488724548911982,0.594739293527357,0.821745854411924,0.41122155577904,0.869058537647469,1
"hsa-miR-181c(1)",47.5114965222817,-0.27964314537954,0.574623356673591,-0.486654679333525,0.626503067336241,0.901505107380754,1
"hsa-miR-181cSTAR(1)",19.0549284881744,0.0875787370834085,0.600410430186436,0.145864782955576,0.884028133312628,0.95278832690479,1
"hsa-miR-181d(1)",24.9148560795053,-0.252357277989385,0.560060659478782,-0.450589188364418,0.652285660332229,0.901505107380754,1
"hsa-miR-182(1)",21.6925877181585,0.55365073607226,0.658554608016575,0.84070588730635,0.400512721594221,0.869058537647469,1
"hsa-miR-184(1)",82.4286910433975,2.8505860232129,1.2440185311299,2.29143373019034,0.0219383406010748,0.743161287861409,1
"hsa-miR-185(1)",895.388652413186,0.145177704307202,0.434022864391024,0.334493217335222,0.738007408236297,0.901505107380754,1
"hsa-miR-185STAR(1)",49.2707111370143,0.551553775594678,0.543992139884791,1.01390026648453,0.310630344213294,0.795650847318158,1
"hsa-miR-186(1)",1236.27474827549,0.349665049818525,0.516019615942907,0.677619685405937,0.498012861350169,0.869228402088236,1
"hsa-miR-18a(1)",218.731349206142,0.925285231973814,0.591217332410641,1.56505092332296,0.117570969510496,0.760324285233523,1
"hsa-miR-190a(1)",17.4350299434304,-0.588636267461794,0.741724629618887,-0.793604855435698,0.427425504931185,0.869058537647469,1
"hsa-miR-191(1)",4185.93130411436,0.36541004746353,0.564146457958188,0.647721956433187,0.517164800526537,0.869228402088236,1
"hsa-miR-191STAR(1)",12.9118367927375,-0.278750323887204,0.658992039927683,-0.422994978691691,0.672298924619593,0.901505107380754,1
"hsa-miR-192(1)",70.9050318432744,1.08408652239272,0.648390307450316,1.67196595929342,0.0945310347792529,0.760324285233523,1
"hsa-miR-194(2)",68.682938270642,0.329329756426791,0.584902026491728,0.563051146193025,0.573400056771054,0.894320174153876,1
"hsa-miR-196b(1)",26.302911258904,0.308139508040007,0.531907197678676,0.579310656792717,0.562379576111525,0.894320174153876,1
"hsa-miR-197(1)",88.6649899429936,-0.0402221764920833,0.500264085329921,-0.0804018870664223,0.935917626103703,0.960226629010807,1
"hsa-miR-199a-3p(3)",2508.47345139889,0.221383591595116,0.537524619137643,0.411857585147046,0.680443810765736,0.901505107380754,1
"hsa-miR-199a-5p(2)",679.943972890381,-0.664852251333949,0.613332663053491,-1.0839994205167,0.278365055773826,0.774839881199967,1
"hsa-miR-19a(1)",1318.7802397597,0.607499436882558,0.663178119660596,0.916042642048362,0.359644529800804,0.833739693549498,1
"hsa-miR-19b(2)",3376.88257367579,0.766587921763642,0.63533875351772,1.20658139853618,0.227593393989392,0.77193106985349,1
"hsa-miR-200b(1)",24.5465938684842,0.368217512880428,0.775074692954498,0.475073584813902,0.63473452553746,0.901505107380754,1
"hsa-miR-200c(1)",62.4357003839494,0.698845317453653,0.647157334411044,1.07986926871446,0.28020039984353,0.774839881199967,1
"hsa-miR-203(1)",178.24294216509,-0.912461017270244,0.817677741230018,-1.11591764244144,0.264457389235267,0.77193106985349,1
"hsa-miR-205(1)",57.8546860009873,0.965486772756884,0.741531380975736,1.30201741629121,0.192910431972593,0.77193106985349,1
"hsa-miR-206(1)",83.105821363287,3.37147321465617,1.50456376736468,2.24083105534403,0.0250370205105503,0.753892506484349,1
"hsa-miR-20a(1)",1083.42985105604,0.366341756587749,0.642167133953539,0.570477274868219,0.568354031109408,0.894320174153876,1
"hsa-miR-20aSTAR(1)",15.8137406896997,-0.241575191031331,0.665608992375399,-0.362938592775327,0.716650756689927,0.901505107380754,1
"hsa-miR-20b(1)",107.871665556221,1.14815692583152,0.715516089398756,1.60465563645998,0.108569610137285,0.760324285233523,1
"hsa-miR-210(1)",64.0762593549882,0.591828565797497,0.539897881208199,1.09618612407422,0.272997330759471,0.774839881199967,1
"hsa-miR-21STAR(1)",115.517253499764,0.895695264430663,0.619132335851527,1.44669436978891,0.147982542051391,0.77193106985349,1
"hsa-miR-221(1)",3264.61738990113,0.536962699213119,0.563120525788791,0.953548440559803,0.340312265076658,0.821474192513143,1
"hsa-miR-221STAR(1)",25.7310022597915,0.114199793531654,0.539591256902512,0.211641297131481,0.832386888599928,0.924495273813855,1
"hsa-miR-222(1)",657.760240550006,0.222864310576196,0.549514266977628,0.405566013421212,0.685061505117777,0.901505107380754,1
"hsa-miR-223(1)",5095.9416816652,-0.288008383392819,0.594869644334628,-0.484153774084339,0.628276740415717,0.901505107380754,1
"hsa-miR-223STAR(1)",51.9595687161584,-0.194251208146037,0.489870216981019,-0.396536064885046,0.691709607756843,0.901505107380754,1
"hsa-miR-224(1)",87.5381785476864,0.233785112285698,0.587923949050981,0.397645159145278,0.69089176743944,0.901505107380754,1
"hsa-miR-22STAR(1)",79.3713196832686,0.628682975708058,0.556482054689306,1.12974528182955,0.258583570803518,0.77193106985349,1
"hsa-miR-2355-3p(1)",17.8453047188781,0.174392407896354,0.592828068412013,0.294170295214754,0.76862777790703,0.901505107380754,1
"hsa-miR-2355-5p(1)",15.6763731597448,0.0434026226926236,0.65266011142763,0.0665011112716611,0.946978873003134,0.961165822411421,1
"hsa-miR-23a(1)",1677.03936651884,0.164321440564649,0.574024562065992,0.286262037243205,0.774677431879529,0.901505107380754,1
"hsa-miR-23aSTAR(1)",17.4804473999208,-0.133840987827132,0.56106165261192,-0.23854951983273,0.81145491237912,0.917783435527121,1
"hsa-miR-23b(1)",213.331969248349,-0.355069232888362,0.571182229562191,-0.621639145112272,0.534179175033696,0.869228402088236,1
"hsa-miR-24(2)",4313.94605835768,-0.0591080733769082,0.54705886180926,-0.10804700828979,0.913958403221894,0.960226629010807,1
"hsa-miR-24-2STAR(1)",46.7290933807751,-0.13851535539942,0.545259415036093,-0.254035696733913,0.799467980459159,0.914159589470178,1
"hsa-miR-25(1)",2152.4443538436,0.991506866192476,0.570950448600712,1.73659004668875,0.0824595576337742,0.760324285233523,1
"hsa-miR-26a(2)",7534.36077797788,0.104322185095809,0.610282046448911,0.170940937395808,0.864270206988809,0.948247878922944,1
"hsa-miR-26b(1)",2765.37833483474,0.334391810601015,0.573814798015647,0.582752155847847,0.560060157116348,0.894320174153876,1
"hsa-miR-26bSTAR(1)",19.0223732958935,0.0876832951162088,0.615835662016581,0.142380996301978,0.886779072207063,0.95278832690479,1
"hsa-miR-27a(1)",3444.39626003428,-0.576953283913991,0.724866472590952,-0.795944226599056,0.426064453601711,0.869058537647469,1
"hsa-miR-27b(1)",1513.09043594729,0.169220982842061,0.583348080391269,0.290085779880444,0.771750614310278,0.901505107380754,1
"hsa-miR-28-3p(1)",295.425006248023,0.317436897267347,0.492027542906384,0.645160828583421,0.518822967864251,0.869228402088236,1
"hsa-miR-28-5p(1)",283.961756555044,0.261723932709434,0.555010873779394,0.4715654144345,0.637237017992465,0.901505107380754,1
"hsa-miR-29a(1)",771.285466132575,0.763436607187782,0.526599542689983,1.44974794943418,0.147128819170477,0.77193106985349,1
"hsa-miR-29b(2)",168.521301625845,0.442358492106867,0.63557233897485,0.696000226851237,0.486428687681641,0.869228402088236,1
"hsa-miR-29c(1)",282.712268838367,1.23754469072639,0.596302501377176,2.07536390987503,0.0379528203786362,0.760324285233523,1
"hsa-miR-301a(1)",124.87591030234,0.0108901429670473,0.518532806924873,0.0210018398481489,0.983244188013749,0.994146613079219,1
"hsa-miR-301b(1)",20.570981231442,-0.444365127337974,0.54541273935666,-0.814731844844921,0.415225820919247,0.869058537647469,1
"hsa-miR-30a(1)",139.838845754775,0.569681866255623,0.512626640531444,1.11129976714638,0.266439339601803,0.77193106985349,1
"hsa-miR-30aSTAR(1)",20.2176720422104,0.228329593465293,0.591175844196459,0.386229572312184,0.699326654191263,0.901505107380754,1
"hsa-miR-30b(1)",378.069584815692,0.148818925878793,0.508954162896356,0.292401431657213,0.769979713734825,0.901505107380754,1
"hsa-miR-30c(2)",617.80145771936,0.251243279578846,0.545492296723085,0.460580802127052,0.645099387720184,0.901505107380754,1
"hsa-miR-30d(1)",4301.5726053261,0.538188072034906,0.540895174973615,0.994995143118365,0.319738626555166,0.795650847318158,1
"hsa-miR-30dSTAR(1)",21.1393503881331,0.687850153818282,0.555341713794775,1.23860703550981,0.215491061334635,0.77193106985349,1
"hsa-miR-30e(1)",3265.13857414888,0.39655147775981,0.62463914213956,0.634848908765968,0.525526961444065,0.869228402088236,1
"hsa-miR-30eSTAR(1)",172.436688060734,-0.00568029926969471,0.475971328487053,-0.0119341206701471,0.99047817539258,0.994146613079219,1
"hsa-miR-32(1)",446.266122243323,0.813708838501166,0.697459780883211,1.16667492636027,0.24334167227034,0.77193106985349,1
"hsa-miR-320(1)",2964.37812962931,0.798045320660003,0.550346398579359,1.45007821023276,0.147036710661829,0.77193106985349,1
"hsa-miR-323a(1)",22.731926119032,-1.17509984771604,0.607530823030174,-1.93422259936543,0.0530857649238151,0.760324285233523,1
"hsa-miR-323b(1)",40.9001789113783,-1.74563288376988,0.555004223650054,-3.14526053926133,0.00165938978196052,0.4496946309113,1
"hsa-miR-324-3p(1)",74.9395406380459,0.162811322727722,0.553970717104071,0.293898788691995,0.768835243737276,0.901505107380754,1
"hsa-miR-324-5p(1)",33.110259792145,-0.225344116906141,0.538377494668844,-0.418561546754011,0.67553659738065,0.901505107380754,1
"hsa-miR-328(1)",182.332643019779,0.373758330579011,0.511045866354056,0.731359659056647,0.464559499022932,0.869228402088236,1
"hsa-miR-329(2)",23.302187527752,-0.408773858021912,0.672352309815091,-0.607975687827014,0.543203598739637,0.876239138443105,1
"hsa-miR-330(1)",31.3976377370373,-0.572896907942727,0.503607963897191,-1.13758508405892,0.255293777910293,0.77193106985349,1
"hsa-miR-331(1)",15.9309946196886,-0.690189126213766,0.614638457432012,-1.12291887672862,0.261471949638563,0.77193106985349,1
"hsa-miR-331STAR(1)",20.2168415896405,0.721133312792079,0.612469857235906,1.17741845459395,0.239028527553594,0.77193106985349,1
"hsa-miR-335-3p(1)",24.5805398622824,0.445040310462656,0.615179081528263,0.723432125417954,0.469414440235201,0.869228402088236,1
"hsa-miR-335-5p(1)",435.988406556433,-0.14897208161052,0.511322821168519,-0.291346436034433,0.770786376186425,0.901505107380754,1
"hsa-miR-337(1)",22.3664342902795,-0.928875308146518,0.596475342179618,-1.55727360791186,0.119405538692159,0.760324285233523,1
"hsa-miR-338-5p(1)",20.4470254816465,-0.0582713936982731,0.595892462267341,-0.0977884390021538,0.922100287722337,0.960226629010807,1
"hsa-miR-339-3p(1)",96.0223743534523,-0.0467891370062097,0.496360645819645,-0.0942643970674717,0.92489913096986,0.960226629010807,1
"hsa-miR-339-5p(1)",119.872341488696,0.452730463476116,0.497721744001611,0.909605555578561,0.363030567670999,0.833739693549498,1
"hsa-miR-33a(1)",85.7894550817478,-0.206331562169053,0.657324886044488,-0.313895862684695,0.753600132792568,0.901505107380754,1
"hsa-miR-33b(1)",10.1293499190908,-1.1806675650668,0.913109272705734,-1.29301891937668,0.196004515689234,0.77193106985349,1
"hsa-miR-340(1)",453.187066829799,0.158280142221271,0.546610613216829,0.289566536752342,0.772147870451421,0.901505107380754,1
"hsa-miR-340STAR(1)",22.7919952682663,-0.715484582089515,0.63985704436839,-1.11819442856299,0.26348396330162,0.77193106985349,1
"hsa-miR-342(1)",103.753857623831,0.0869326148998287,0.469793935690807,0.185044140197338,0.853194414486656,0.943737495207689,1
"hsa-miR-342STAR(1)",14.7692994320386,0.228076734509778,0.614486858152661,0.37116617138965,0.710513767646468,0.901505107380754,1
"hsa-miR-345(1)",61.974157611104,0.209276199463243,0.510325239650602,0.410083968424776,0.68174435244813,0.901505107380754,1
"hsa-miR-361-3p(1)",28.5043942672473,0.123853094922812,0.571084036364629,0.216873677140808,0.828306791990759,0.92374954991562,1
"hsa-miR-361-5p(1)",338.154622828901,0.0416909288664877,0.544493520833508,0.0765682735814145,0.938966998848206,0.960226629010807,1
"hsa-miR-3613(1)",32.1941364207578,0.0440627363997309,0.657305162611466,0.0670354333209101,0.946553494920322,0.961165822411421,1
"hsa-miR-363(1)",142.695422830268,1.21593919697705,0.642461861361597,1.89262471456292,0.0584077946851671,0.760324285233523,1
"hsa-miR-369(1)",100.860418761685,0.243514854154387,0.812807420169187,0.299597233135124,0.764484394924756,0.901505107380754,1
"hsa-miR-370(1)",35.9792424179198,0.0812437741912327,0.656434617939398,0.123765218912835,0.901501171315012,0.95806595069164,1
"hsa-miR-374a(1)",393.447736414125,0.267311759588667,0.526863049584061,0.507364788249431,0.611898887359847,0.901505107380754,1
"hsa-miR-374aSTAR(1)",19.8602209055095,-0.273712889702733,0.633393617522856,-0.432137113684851,0.665641761833537,0.901505107380754,1
"hsa-miR-374b(1)",316.17705949068,-0.234739000952588,0.524487445650197,-0.44755885560156,0.654471602731338,0.901505107380754,1
"hsa-miR-376a-3p(2)",17.8157414922395,-0.711352813011711,0.674952918600721,-1.05392953109448,0.291915181368802,0.775578570107308,1
"hsa-miR-376a-A6G-3p(2)",19.5090144286165,-0.527853596421936,0.680033158624302,-0.776217438411058,0.437620611347677,0.869058537647469,1
"hsa-miR-376b(1)",10.5010352343331,-1.00225313287716,0.704611433362198,-1.42241962792841,0.154904468436973,0.77193106985349,1
"hsa-miR-376c(1)",119.397248004948,-0.568201046644981,0.624089217854355,-0.91044842690678,0.362586068410777,0.833739693549498,1
"hsa-miR-377(1)",81.9460788688356,-1.17211649485504,0.659902503993511,-1.77619646502594,0.075700540718211,0.760324285233523,1
"hsa-miR-377STAR(1)",10.9564403954383,-0.655803729857633,0.747381101142316,-0.877468976477042,0.380231962344773,0.852441775550896,1
"hsa-miR-378(1)",201.26687614204,0.86095376885484,0.560424934866592,1.53625171774305,0.124476656168207,0.760324285233523,1
"hsa-miR-379(1)",27.3996479172753,-0.740034571038828,0.618677100240898,-1.19615639685173,0.231635532837726,0.77193106985349,1
"hsa-miR-381(1)",98.7986777747177,-0.848138447575581,0.651226093721215,-1.30237171967293,0.19278934526736,0.77193106985349,1
"hsa-miR-382-3p(1)",10.3816906088482,0.234437624700046,0.779978792048328,0.300569229689414,0.763742998181411,0.901505107380754,1
"hsa-miR-382-5p(1)",43.0097104504022,-0.755688733242933,0.558836809458552,-1.35225296625523,0.176294404934419,0.77193106985349,1
"hsa-miR-409-3p(1)",93.0580723200453,-0.706453098664693,0.664708471673483,-1.06280140658673,0.287872021529534,0.775578570107308,1
"hsa-miR-409-5p(1)",17.8605213041935,-0.825848681542766,0.711156356644404,-1.1612758204673,0.245529749340295,0.77193106985349,1
"hsa-miR-410(1)",70.7248913355702,-0.982959494204911,0.63176818405514,-1.55588635042616,0.119735119705411,0.760324285233523,1
"hsa-miR-411(1)",33.0543648317747,-0.795454559203112,0.64734047799214,-1.22880398530056,0.219145306963146,0.77193106985349,1
"hsa-miR-421(1)",35.8046746322844,-0.473614020576092,0.559226660627937,-0.846908872413713,0.397045916722226,0.869058537647469,1
"hsa-miR-423-3p(1)",1411.62366867426,0.368179999504552,0.560396560280952,0.656999035325926,0.511181536745109,0.869228402088236,1
"hsa-miR-423-5p(1)",929.374342605784,1.24830876371738,0.752198041633057,1.65954801079679,0.0970054145556177,0.760324285233523,1
"hsa-miR-424(1)",228.555440774014,0.589144535622399,0.611191563047224,0.963927794888225,0.3350821275799,0.818083392559936,1
"hsa-miR-425(1)",669.384452336918,-0.0465165270274681,0.519457996718414,-0.0895481970078971,0.928646251730537,0.960226629010807,1
"hsa-miR-425STAR(1)",87.7969161316336,-0.0713305788622002,0.504222117862627,-0.141466580570815,0.887501359338277,0.95278832690479,1
"hsa-miR-431-5p(1)",28.6971292528622,-0.880497064891806,0.656660405234223,-1.3408712598984,0.17996225484726,0.77193106985349,1
"hsa-miR-432(1)",33.7057994729993,-0.912695738948434,0.706129486068198,-1.29253310753304,0.196172588139734,0.77193106985349,1
"hsa-miR-433(1)",25.6931340583054,-1.58561763996507,0.645192793267405,-2.45758733902644,0.013987379474437,0.743161287861409,1
"hsa-miR-450b(1)",13.2566127156312,1.54023504517362,0.821360209286721,1.87522481337534,0.0607618018986721,0.760324285233523,1
"hsa-miR-452(1)",23.6618740725282,-0.306583029711777,0.695164682815861,-0.441022159626867,0.659196954591931,0.901505107380754,1
"hsa-miR-452STAR(1)",9.22958794499316,0.0005857776939021,0.756357394033757,0.000774472092852914,0.999382060736114,0.999382060736114,1
"hsa-miR-454(1)",39.3484090999983,0.23367768715376,0.558061589022996,0.418730999857672,0.67541273730463,0.901505107380754,1
"hsa-miR-454STAR(1)",12.0263244680299,0.645263237215489,0.695663899301917,0.927550269408828,0.353640904344693,0.833362478934017,1
"hsa-miR-484(1)",1112.65814264188,0.600451533914615,0.518414096058723,1.1582469274651,0.246763282777169,0.77193106985349,1
"hsa-miR-485-3p(1)",14.1726125984761,-0.877420984690866,0.641237011845464,-1.36832554653337,0.171210197765637,0.77193106985349,1
"hsa-miR-485-5p(1)",12.0773827582437,-1.11045927962917,0.627209087968238,-1.77047702421908,0.076647708533014,0.760324285233523,1
"hsa-miR-486(1)",7907.57714923999,2.043299453136,0.757686013307922,2.69676279784461,0.00700171254976729,0.632488033662312,1
"hsa-miR-486STAR(1)",51.7523678895218,1.26110654922472,0.764244809701446,1.65013426747035,0.098915477403651,0.760324285233523,1
"hsa-miR-487b(1)",39.6953795260719,-0.687953254194742,0.699724752322464,-0.983176959099059,0.325520352686024,0.801963777981024,1
"hsa-miR-491(1)",12.4377314055762,-0.468166273096463,0.703030784601893,-0.665925708163083,0.50545858742418,0.869228402088236,1
"hsa-miR-493-3p(1)",13.3264356292705,-0.524185941316396,0.686876907262841,-0.763143928371741,0.445377564452881,0.869058537647469,1
"hsa-miR-493-5p(1)",21.8196663974785,-0.913057515380589,0.680586823322188,-1.34157389489798,0.179734195197683,0.77193106985349,1
"hsa-miR-494(1)",24.0180226966145,-0.40794344084686,0.658605964548448,-0.619404412965731,0.535649974718581,0.869228402088236,1
"hsa-miR-495(1)",21.3709878735027,-0.986164660082234,0.636552176682721,-1.5492283212689,0.121326843585741,0.760324285233523,1
"hsa-miR-496(1)",9.76896533450415,-0.48254713437195,0.77013070458027,-0.626578230814656,0.530935741720846,0.869228402088236,1
"hsa-miR-497(1)",43.5149548233488,-0.369316605401575,0.535708615591235,-0.689398293499495,0.490572657030389,0.869228402088236,1
"hsa-miR-501-3p(1)",51.1525476274181,1.70630807004576,0.72881220705557,2.34121774241312,0.019220953526317,0.743161287861409,1
"hsa-miR-502(1)",34.8021154237602,0.964540088049066,0.733321209209971,1.31530368402708,0.188407860501757,0.77193106985349,1
"hsa-miR-503(1)",60.022271005948,-0.643388130892831,0.509502971148523,-1.26277601373453,0.206669687214337,0.77193106985349,1
"hsa-miR-505(1)",26.5235545932385,0.224866817945988,0.57268271023725,0.392655154287494,0.694574197334827,0.901505107380754,1
"hsa-miR-532-3p(1)",27.1908441016189,0.536171494677353,0.702830560513623,0.762874474731895,0.445538260307717,0.869058537647469,1
"hsa-miR-532-5p(1)",47.3647463562476,0.945079773054416,0.596673854428618,1.58391349987915,0.113213404846356,0.760324285233523,1
"hsa-miR-539(1)",29.8360612014276,-0.61336836320427,0.610815287847213,-1.00417978300127,0.315291964978654,0.795650847318158,1
"hsa-miR-542(1)",13.0306344038957,0.318484520258878,0.747085876967309,0.426302423961917,0.669887491843681,0.901505107380754,1
"hsa-miR-543(1)",35.2829998095079,-0.715373446647268,0.711780411801761,-1.00504795409642,0.314873759476076,0.795650847318158,1
"hsa-miR-548e(1)",15.6391218766771,-0.0514249460790472,0.587801426005415,-0.087486936580813,0.930284468714328,0.960226629010807,1
"hsa-miR-574-3p(1)",34.547257135039,-0.0948609125362043,0.59264690209138,-0.160063120555345,0.872831352088817,0.949965339202038,1
"hsa-miR-574-5p(1)",15.0548436102281,0.169848566651683,0.717208077403799,0.236819093374566,0.812797138474203,0.917783435527121,1
"hsa-miR-576-3p(1)",13.9102004862929,0.30919115405771,0.646850319661212,0.477994900303441,0.632653834734675,0.901505107380754,1
"hsa-miR-584(1)",907.283660507605,0.225373452576208,0.660268405032326,0.34133611552286,0.732850562445506,0.901505107380754,1
"hsa-miR-589-5p(1)",22.6216354620881,0.366387228105677,0.590280003508182,0.620700728346117,0.534796550110706,0.869228402088236,1
"hsa-miR-590-3p(1)",18.1627683102501,-0.0509280242905822,0.636097957214349,-0.080063178497869,0.936187008002472,0.960226629010807,1
"hsa-miR-590-5p(1)",21.1844484674803,-0.784861173991047,0.766718777765156,-1.02366238672121,0.305994767039391,0.795650847318158,1
"hsa-miR-598(1)",29.6651523121287,1.22287037870943,0.606600089819241,2.01594163804663,0.0438060789318842,0.760324285233523,1
"hsa-miR-625-3p(1)",47.2188853871203,0.229265977161532,0.584984303761722,0.391918168893157,0.69511867792248,0.901505107380754,1
"hsa-miR-625-5p(1)",71.8689116686356,-0.476924742724103,0.506501253827057,-0.941606243065585,0.346394272240049,0.823446033132047,1
"hsa-miR-627-5p(1)",53.36100694078,0.631311307066866,0.569648000638222,1.10824808716884,0.267754688436266,0.77193106985349,1
"hsa-miR-628-3p(1)",13.0238630466453,-0.430845043784162,0.620726444788626,-0.694098096514764,0.487620692235084,0.869228402088236,1
"hsa-miR-628-5p(1)",15.9096539132626,-0.222101661726115,0.601224216533615,-0.369415694874455,0.711817901223816,0.901505107380754,1
"hsa-miR-629(1)",84.7580326221166,1.35967197628777,0.713361588841189,1.90600671182264,0.0566493348561393,0.760324285233523,1
"hsa-miR-651(1)",18.6536052609015,0.0735346781857622,0.578353212146006,0.127144929156542,0.898825691671617,0.95806595069164,1
"hsa-miR-652(1)",436.79262789563,0.158962170840793,0.531137054489944,0.299286539127731,0.764721424387997,0.901505107380754,1
"hsa-miR-654(1)",32.3666377505597,-0.852862743460423,0.627254081334361,-1.35967667463578,0.173932262566998,0.77193106985349,1
"hsa-miR-654STAR(1)",11.8606933706035,-0.915721892961471,0.697549284919543,-1.31277016944701,0.189260404739082,0.77193106985349,1
"hsa-miR-655(1)",9.27992637833097,-0.416814132211389,0.775137756942388,-0.537729104895569,0.590764082735194,0.901505107380754,1
"hsa-miR-656(1)",11.6557229245471,-0.528212237897421,0.710351312283818,-0.743592964161902,0.457122761059288,0.869228402088236,1
"hsa-miR-660(1)",58.1840201228337,1.07675248434211,0.593672695058116,1.81371400993388,0.0697217670338289,0.760324285233523,1
"hsa-miR-665(1)",11.2347631805211,-0.54928113569744,0.800192822821241,-0.686435968971627,0.492438229086628,0.869228402088236,1
"hsa-miR-671-3p(1)",13.0876802493387,0.426403825356404,0.65438062761556,0.651614377568205,0.514649970335813,0.869228402088236,1
"hsa-miR-7(3)",65.2397160598178,0.526914714841909,0.671778063098212,0.784358322764815,0.432829886160623,0.869058537647469,1
"hsa-miR-7-1STAR(1)",22.4871780785771,-0.466741954518175,0.641442982031669,-0.727643715174564,0.466831713147938,0.869228402088236,1
"hsa-miR-744(1)",496.149185239901,0.227837374149302,0.548223534425413,0.415592107675742,0.677708502844968,0.901505107380754,1
"hsa-miR-760(1)",13.5603380286178,0.176641142565674,0.637327834467439,0.277158995751814,0.781658023332714,0.90525352274857,1
"hsa-miR-766(1)",38.8223363547341,-0.0481730089938326,0.500185483048709,-0.0963102901351925,0.923274138734211,0.960226629010807,1
"hsa-miR-769(1)",29.050713548296,0.145601578173363,0.547700108099155,0.265841791922749,0.79036105561284,0.911437642855658,1
"hsa-miR-874(1)",12.0894760739733,0.162104577091076,0.680000320133327,0.238388971727679,0.811579420192668,0.917783435527121,1
"hsa-miR-889(1)",28.3309395470159,-0.837650028273137,0.58904684557546,-1.42204314404707,0.155013726521364,0.77193106985349,1
"hsa-miR-92a(2)",6076.02559552327,0.959906404333092,0.57600744114935,1.66648264546326,0.0956173219660381,0.760324285233523,1
"hsa-miR-92b(1)",29.8176743407035,0.146628419810712,0.513194392311768,0.285717112282151,0.775094797120722,0.901505107380754,1
"hsa-miR-93(1)",2039.51805059486,0.602035352836952,0.570030600583324,1.05614567397062,0.290901666111652,0.775578570107308,1
"hsa-miR-93STAR(1)",26.3467720510975,0.532575028952624,0.535567338104701,0.994412823674673,0.320021927519111,0.795650847318158,1
"hsa-miR-98(1)",275.474963034085,0.108531872009956,0.470159018498408,0.230840774588531,0.817438503035844,0.919194333289268,1
"hsa-miR-98STAR(1)",14.1110458660843,0.195670498595134,0.621158825892381,0.315008803608362,0.752754969598878,0.901505107380754,1
"hsa-miR-99a(1)",127.728403897372,0.750043741811956,0.58258653369325,1.28743748513569,0.197941845965348,0.77193106985349,1
"hsa-miR-99b(1)",272.359717285228,0.487545708843938,0.481380336945123,1.01280769367927,0.311152025098509,0.795650847318158,1
